Num,ID,Title,Genre1,Genre2
4000,26371,Maurice,Drama,Drama|NULL
4001,14137,Beer League,Comedy,Animation|Comedy
4002,291,Riding Giants,Action,Animation|NULL
4003,14139,Los cronocrímenes,Action,Action|Drama
4004,33106,疯狂的赛车,Drama,Action|Drama
4005,8875,Timber Falls,Horror,Action|Horror
4006,872,Singin' in the Rain,Comedy,Comedy|Drama
4007,72914,"Fat, Sick & Nearly Dead",Action,Animation|NULL
4008,139038,A Haunted House,Horror,Action|Horror
4009,126509,2016: Obama's America,Action,Animation|NULL
4010,9591,That Thing You Do!,Comedy,Comedy|Drama
4011,10676,Halloween III: Season of the Witch,Horror,Action|Horror
4012,1687,Escape from the Planet of the Apes,Action,Action|Drama
4013,24748,Hud,Action,Action|Drama
4014,181330,Kevin Hart: Let Me Explain,Comedy,Animation|Comedy
4015,468,My Own Private Idaho,Drama,Drama|NULL
4016,401,Garden State,Drama,Comedy|Drama
4017,76,Before Sunrise,Drama,Drama|NULL
4018,50538,Sur le seuil,Horror,Action|Horror
4019,25636,Jesus' Son,Drama,Comedy|Drama
4020,19316,Saving Face,Comedy,Comedy|Drama
4021,21074,Brick Lane,Drama,Drama|NULL
4022,84329,Robot & Frank,Action,Action|Drama
4023,20,My Life Without Me,Drama,Drama|NULL
4024,157386,The Spectacular Now,Drama,Comedy|Drama
4025,13007,Religulous,Comedy,Animation|Comedy
4026,13518,Fuel,Drama,Drama|NULL
4027,116584,Valley of the Heart's Delight,Drama,Drama|NULL
4028,46849,Eye of the Dolphin,Drama,Drama|NULL
4029,40428,8: The Mormon Proposition,Action,Animation|NULL
4030,17334,The Other End of the Line,Comedy,Comedy|Drama
4031,1698,Anatomie,Horror,Action|Horror
4032,20764,Sleep Dealer,Drama,Action|Drama
4033,45132,Super,Action,Comedy|Drama
4034,76706,Christmas Mail,Comedy,Animation|Comedy
4035,254472,Stung,Horror,Action|Horror
4036,332285,Antibirth,Horror,Action|Horror
4037,49471,Get on the Bus,Drama,Drama|NULL
4038,13569,Thr3e,Horror,Action|Horror
4039,7512,Idiocracy,Action,Action|Drama
4040,356216,The Rise of the Krays,Action,Action|Drama
4041,11798,This Is England,Action,Action|Drama
4042,146631,U.F.O.,Action,Action|Drama
4043,43546,Bathing Beauty,Comedy,Animation|Comedy
4044,61038,Go for It!,Drama,Drama|NULL
4045,78373,"Dancer, Texas Pop. 81",Comedy,Comedy|Drama
4046,17820,Show Boat,Drama,Drama|NULL
4047,74457,Redemption Road,Drama,Drama|NULL
4048,283384,The Calling,Drama,Drama|NULL
4049,19933,The Brave Little Toaster,Animation,Animation|Drama
4050,756,Fantasia,Animation,Animation|NULL
4051,433715,8 Days,Drama,Drama|NULL
4052,9728,Friday the 13th Part III,Horror,Action|Horror
4053,9731,Friday the 13th: A New Beginning,Horror,Action|Horror
4054,9916,The Last Sin Eater,Drama,Drama|NULL
4055,309425,Do You Believe?,Action,Action|Drama
4056,14156,Impact Point,Drama,Drama|NULL
4057,43610,The Valley of Decision,Drama,Drama|NULL
4058,360339,Eden,Drama,Drama|NULL
4059,31163,Chicken Tikka Masala,Comedy,Comedy|Drama
4060,297621,There's Always Woodstock,Comedy,Comedy|Drama
4061,16205,Jack Brooks: Monster Slayer,Horror,Action|Horror
4062,887,The Best Years of Our Lives,Drama,Drama|War
4063,9517,Bully,Action,Action|Drama
4064,6007,Elling,Comedy,Comedy|Drama
4065,364083,Mi America,Action,Action|Drama
4066,8329,[REC],Horror,Action|Horror
4067,69640,Lies in Plain Sight,Drama,Drama|NULL
4068,371085,Sharkskin,Action,Animation|NULL
4069,347548,Containment,Horror,Action|Horror
4070,322443,The Timber,Drama,Action|Drama
4071,657,From Russia with Love,Drama,Action|Drama
4072,28165,The Toxic Avenger Part II,Horror,Action|Horror
4073,11561,Sleeper,Action,Action|Drama
4074,270303,It Follows,Horror,Action|Horror
4075,11624,Everything You Always Wanted to Know About Sex *But Were Afraid to Ask,Comedy,Animation|Comedy
4076,595,To Kill a Mockingbird,Action,Action|Drama
4077,8810,Mad Max 2,Action,Action|Drama
4078,12207,醉拳二,Action,Action|Comedy
4079,226,Boys Don't Cry,Action,Action|Drama
4080,92182,Silent House,Horror,Action|Horror
4081,582,Das Leben der Anderen,Drama,Drama|NULL
4082,72213,Courageous,Drama,Drama|NULL
4083,990,The Hustler,Drama,Drama|NULL
4084,55604,Boom Town,Drama,Action|Drama
4085,9662,Les triplettes de Belleville,Animation,Animation|Drama
4086,20862,Smoke Signals,Comedy,Comedy|Drama
4087,2771,American Splendor,Comedy,Comedy|Drama
4088,80,Before Sunset,Drama,Drama|NULL
4089,55,Amores perros,Drama,Drama|NULL
4090,11023,Thirteen,Action,Action|Drama
4091,33667,Gentleman's Agreement,Drama,Drama|NULL
4092,39013,Winter's Bone,Drama,Drama|NULL
4093,11194,Touching the Void,Action,Action|Drama
4094,43839,Alexander's Ragtime Band,Drama,Drama|NULL
4095,1382,Me and You and Everyone We Know,Comedy,Comedy|Drama
4096,44639,Inside Job,Action,Animation|NULL
4097,301351,We Are Your Friends,Drama,Drama|NULL
4098,4816,Ghost Dog: The Way of the Samurai,Action,Action|Drama
4099,7873,Harsh Times,Action,Action|Drama
4100,331190,Captive,Action,Action|Drama
4101,15186,Full Frontal,Drama,Comedy|Drama
4102,17994,Witchboard,Horror,Action|Horror
4103,1378,Shortbus,Drama,Comedy|Drama
4104,8885,Vals Im Bashir,Animation,Animation|Drama
4105,48382,"The Book of Mormon Movie, Volume 1: The Journey",Action,Animation|NULL
4106,12901,No End in Sight,Action,Animation|NULL
4107,250124,The Diary of a Teenage Girl,Drama,Drama|NULL
4108,14284,In the Shadow of the Moon,Action,Animation|NULL
4109,57120,Meek's Cutoff,Action,Action|Drama
4110,12228,Inside Deep Throat,War,Animation|War
4111,22617,Dinner Rush,Drama,Action|Drama
4112,55561,Clockwatchers,Comedy,Comedy|Drama
4113,42889,The Virginity Hit,Comedy,Animation|Comedy
4114,10656,Subway,Action,Action|Drama
4115,24363,House of D,Comedy,Comedy|Drama
4116,13121,Teeth,Horror,Action|Horror
4117,24746,Six-String Samurai,Action,Action|Drama
4118,325140,Hum To Mohabbat Karega,Action,Animation|NULL
4119,12109,It's All Gone Pete Tong,Comedy,Comedy|Drama
4120,27023,Saint John of Las Vegas,Comedy,Animation|Comedy
4121,22913,24 7: Twenty Four Seven,Drama,Comedy|Drama
4122,273899,Stonewall,Drama,Drama|NULL
4123,20653,Roadside Romeo,Animation,Animation|NULL
4124,67373,This Thing of Ours,Drama,Action|Drama
4125,171759,The Lost Medallion: The Adventures of Billy Stone,Drama,Action|Drama
4126,206296,The Last Five Years,Drama,Comedy|Drama
4127,35219,The Missing Person,Drama,Comedy|Drama
4128,28260,Return of the Living Dead 3,Horror,Action|Horror
4129,7515,London,Drama,Action|Drama
4130,13075,Sherrybaby,Drama,Drama|NULL
4131,335866,Circle,Horror,Action|Horror
4132,13510,Eden Lake,Horror,Action|Horror
4133,215881,Plush,Drama,Drama|NULL
4134,18238,Lesbian Vampire Killers,Horror,Action|Horror
4135,22600,Jerusalema,Action,Action|Drama
4136,12612,Freeze Frame,Action,Action|Drama
4137,50698,Grave Encounters,Horror,Action|Horror
4138,115210,Stitches,Horror,Action|Horror
4139,34335,Nine Dead,Horror,Action|Horror
4140,459488,"To Be Frank, Sinatra at 100",Action,Animation|NULL
4141,11302,Bananas,Comedy,Animation|Comedy
4142,119458,$upercapitalist,Drama,Drama|NULL
4143,20406,Rockaway,Drama,Action|Drama
4144,3766,The Lady from Shanghai,Action,Action|Drama
4145,18616,No Man's Land: The Rise of Reeker,Horror,Action|Horror
4146,18808,Highway,Drama,Action|Drama
4147,95755,Small Apartments,Action,Action|Drama
4148,198062,Coffee Town,Comedy,Animation|Comedy
4149,188652,The Ghastly Love of Johnny X,Action,Action|Comedy
4150,174311,All Is Bright,Comedy,Comedy|Drama
4151,12602,Die Schlangengrube und das Pendel,Horror,Action|Horror
4152,153795,Straight A's,Comedy,Comedy|Drama
4153,17768,A Funny Thing Happened on the Way to the Forum,Comedy,Animation|Comedy
4154,13516,Slacker Uprising,Action,Animation|NULL
4155,98549,The Legend of Hell's Gate: An American Conspiracy,Action,Action|Drama
4156,312793,Walking with the Dead,Action,Action|Drama
4157,309919,The Curse of Downers Grove,Horror,Action|Horror
4158,299553,Shark Lake,Drama,Drama|NULL
4159,21309,River's Edge,Action,Action|Drama
4160,32235,Northfork,Action,Action|Drama
4161,329540,The Marine 4: Moving Target,Action,Action|Drama
4162,26388,Buried,Drama,Drama|NULL
4163,49020,Submarine,Drama,Comedy|Drama
4164,159037,The Square,Drama,Drama|War
4165,12838,Chacun sa nuit,Drama,Drama|NULL
4166,157293,एबीसीडी,Drama,Drama|NULL
4167,14048,Man on Wire,Action,Action|Drama
4168,356987,Abandoned,Drama,Drama|NULL
4169,295886,Brotherly Love,Drama,Drama|NULL
4170,38358,The Last Exorcism,Horror,Action|Horror
4171,33511,Nowhere Boy,Drama,Drama|NULL
4172,702,A Streetcar Named Desire,Drama,Drama|NULL
4173,935,Dr. Strangelove or: How I Learned to Stop Worrying and Love the Bomb,Comedy,Drama|War
4174,542,El Crimen del Padre Amaro,Drama,Drama|NULL
4175,84175,Beasts of the Southern Wild,Action,Action|Drama
4176,1705,Battle for the Planet of the Apes,Action,Action|Drama
4177,62677,Songcatcher,Drama,Drama|NULL
4178,50875,Higher Ground,Drama,Drama|NULL
4179,260778,வாலு,Comedy,Comedy|Drama
4180,58492,The Greatest Movie Ever Sold,Comedy,Animation|Comedy
4181,44562,Ed and His Dead Mother,Comedy,Animation|Comedy
4182,37232,Travellers and Magicians,Drama,Action|Drama
4183,4929,Hang 'em High,Action,Action|NULL
4184,36334,Deadline - U.S.A.,Action,Action|Drama
4185,9783,Sublime,Horror,Action|Horror
4186,386826,A Beginner's Guide to Snuff,Horror,Action|Horror
4187,205126,Independence Daysaster,Action,Action|Drama
4188,98557,Dysfunctional Friends,Comedy,Comedy|Drama
4189,104,Lola rennt,Drama,Action|Drama
4190,10894,May,Horror,Action|Horror
4191,246449,Against the Wild,Drama,Action|Drama
4192,32579,La misma luna,Drama,Drama|NULL
4193,1688,Conquest of the Planet of the Apes,Action,Action|Drama
4194,1999,In the Bedroom,Drama,Drama|NULL
4195,43947,I Spit on Your Grave,Horror,Action|Horror
4196,24066,"Happy, Texas",Action,Action|Drama
4197,9709,My Summer of Love,Drama,Drama|NULL
4198,191714,Dabba,Drama,Drama|NULL
4199,25312,Yes,Drama,Drama|NULL
4200,34106,You Can't Take It With You,Comedy,Comedy|Drama
4201,11426,From Here to Eternity,Drama,Drama|War
4202,13909,She Wore a Yellow Ribbon,Action,Action|NULL
4203,206284,Grace Unplugged,Drama,Drama|NULL
4204,27455,Foolish,Comedy,Comedy|Drama
4205,66468,N-Secure,Action,Action|Drama
4206,7973,سكر بنات,Drama,Comedy|Drama
4207,283686,Out of the Dark,Horror,Action|Horror
4208,15976,Ha-Buah,Drama,Drama|NULL
4209,592,The Conversation,Action,Action|Drama
4210,74084,दिल जो भी कहे,Drama,Drama|NULL
4211,1651,La sirène du Mississipi,Action,Action|Drama
4212,25428,I Love Your Work,Drama,Drama|NULL
4213,298584,Cabin Fever,Horror,Action|Horror
4214,10758,Waitress,Comedy,Animation|Comedy
4215,11690,Bloodsport,Action,Action|NULL
4216,3083,Mr. Smith Goes to Washington,Comedy,Comedy|Drama
4217,9344,Kids,Action,Action|Drama
4218,10707,The Squid and the Whale,Comedy,Comedy|Drama
4219,15647,Kissing Jessica Stein,Comedy,Animation|Comedy
4220,308529,Kickboxer: Vengeance,Action,Action|Drama
4221,4174,Spellbound,Drama,Drama|NULL
4222,20156,Exotica,Drama,Drama|NULL
4223,9464,Buffalo '66,Action,Action|Drama
4224,49018,Insidious,Horror,Action|Horror
4225,13820,Repo Man,Action,Action|Drama
4226,18079,Nueve Reinas,Action,Action|Drama
4227,127918,The Gatekeepers,Action,Animation|NULL
4228,17113,The Ballad of Jack and Rose,Drama,Drama|NULL
4229,129139,The To Do List,Comedy,Comedy|Drama
4230,507,Killing Zoe,Action,Action|Drama
4231,4012,The Believer,Drama,Drama|NULL
4232,14054,Snow Angels,Drama,Drama|NULL
4233,323271,Unsullied,Horror,Action|Horror
4234,10972,Session 9,Horror,Action|Horror
4235,13066,I Want Someone to Eat Cheese With,Comedy,Comedy|Drama
4236,66025,Mooz-lum,Drama,Drama|NULL
4237,11908,Hatchet,Horror,Action|Horror
4238,3082,Modern Times,Comedy,Comedy|Drama
4239,39541,Stolen Summer,Comedy,Comedy|Drama
4240,1961,My Name Is Bruce,Horror,Action|Horror
4241,51820,The Salon,Comedy,Animation|Comedy
4242,291362,Road Hard,Comedy,Animation|Comedy
4243,30082,Forty Shades of Blue,Drama,Drama|NULL
4244,72913,Amigo,War,Drama|War
4245,23963,Pontypool,Horror,Action|Horror
4246,29406,Trucker,Drama,Drama|NULL
4247,361505,Me You and Five Bucks,Drama,Comedy|Drama
4248,104755,The Lords of Salem,Horror,Action|Horror
4249,253306,Housebound,Horror,Action|Horror
4250,29595,Wal-Mart: The High Cost of Low Price,Action,Animation|NULL
4251,46729,Fetching Cody,Action,Action|Drama
4252,294600,Last I Heard,Comedy,Comedy|Drama
4253,137347,Closer to the Moon,Comedy,Comedy|Drama
4254,290370,Mutant World,Action,Action|Drama
4255,426469,Growing Up Smith,Comedy,Comedy|Drama
4256,356841,Checkmate,Action,Action|Drama
4257,301325,#Horror,Horror,Action|Horror
4258,347755,Wind Walkers,Horror,Action|Horror
4259,408,Snow White and the Seven Dwarfs,Animation,Action|Animation
4260,44413,La niña santa,Drama,Drama|NULL
4261,39209,Shalako,Action,Action|NULL
4262,48463,Incident at Loch Ness,Horror,Action|Horror
4263,394047,The Dog Lover,Drama,Drama|NULL
4264,312791,GirlHouse,Horror,Action|Horror
4265,266034,La chambre bleue,Action,Action|Drama
4266,280381,House at the End of the Drive,Horror,Action|Horror
4267,2661,Batman,Action,Action|Drama
4268,100,"Lock, Stock and Two Smoking Barrels",Action,Action|Drama
4269,218500,The Ballad of Gregorio Cortez,Action,Action|NULL
4270,309,Festen,Drama,Drama|NULL
4271,27845,Trees Lounge,Comedy,Comedy|Drama
4272,25784,Vượt Sóng,Drama,Drama|NULL
4273,52790,The Basket,Drama,Drama|NULL
4274,100275,Eddie: The Sleepwalking Cannibal,Horror,Action|Horror
4275,295914,Kurmanjan Datka. Queen of the Mountains,Action,Action|Drama
4276,42033,Def-Con 4,Action,Action|Drama
4277,19187,The Hebrew Hammer,Action,Action|Comedy
4278,46415,Neal 'n' Nikki,Comedy,Comedy|Drama
4279,38570,The 41–Year–Old Virgin Who Knocked Up Sarah Marshall and Felt Superbad About It,Comedy,Animation|Comedy
4280,27588,Forget Me Not,Horror,Action|Horror
4281,223,Rebecca,Drama,Drama|NULL
4282,9725,Friday the 13th Part 2,Horror,Action|Horror
4283,28580,The Lost Weekend,Drama,Drama|NULL
4284,23730,C.H.U.D.,Horror,Action|Horror
4285,84197,Filly Brown,Drama,Drama|NULL
4286,46256,The Lion of Judah,Animation,Animation|Drama
4287,19997,Niagara,Action,Action|Drama
4288,43266,How Green Was My Valley,Drama,Drama|NULL
4289,278316,Da Sweet Blood of Jesus,Drama,Comedy|Drama
4290,1412,"Sex, Lies, and Videotape",Drama,Drama|NULL
4291,176,Saw,Horror,Action|Horror
4292,39939,Super Troopers,Action,Action|Drama
4293,357834,The Algerian,Action,Animation|NULL
4294,215924,Los insólitos peces gato,Comedy,Comedy|Drama
4295,480,Monsoon Wedding,Drama,Comedy|Drama
4296,14295,You Can Count on Me,Drama,Drama|NULL
4297,11219,The Trouble with Harry,Comedy,Comedy|Drama
4298,20770,But I'm a Cheerleader,Comedy,Animation|Comedy
4299,176124,Home Run,Drama,Drama|NULL
4300,500,Reservoir Dogs,Action,Action|Drama
4301,60400,The Blue Bird,Action,Action|Drama
4302,429,"Il buono, il brutto, il cattivo",Action,Action|NULL
4303,310569,Que Horas Ela Volta?,Drama,Drama|NULL
4304,98369,Blue Like Jazz,Comedy,Comedy|Drama
4305,114065,Down & Out With The Dolls,Comedy,Animation|Comedy
4306,89750,"Pink Ribbons, Inc.",Action,Animation|NULL
4307,49951,Certifiably Jonathan,Comedy,Animation|Comedy
4308,86331,Q,Drama,Drama|NULL
4309,355629,La Navaja De Don Juan,Comedy,Comedy|Drama
4310,16433,Grand Theft Parsons,Action,Action|Drama
4311,15544,Extreme Movie,Comedy,Animation|Comedy
4312,43884,The Charge of the Light Brigade,Drama,Action|Drama
4313,107315,Below Zero,Horror,Action|Horror
4314,137955,Crowsnest,Action,Animation|NULL
4315,13064,Airborne,Action,Action|Drama
4316,59917,Cotton Comes to Harlem,Action,Action|Drama
4317,157422,The Wicked Within,Horror,Action|Horror
4318,310933,Bleeding Hearts,Horror,Action|Horror
4319,7553,Waiting...,Comedy,Animation|Comedy
4320,12877,Dead Man's Shoes,Action,Action|Drama
4321,39895,From a Whisper to a Scream,Horror,Action|Horror
4322,102840,Sex With Strangers,Action,Animation|NULL
4323,55616,Dracula: Pages from a Virgin's Diary,Horror,Action|Horror
4324,29697,Faith Like Potatoes,Drama,Drama|NULL
4325,50037,Beyond the Black Rainbow,Horror,Action|Horror
4326,94329,Serbuan maut,Action,Action|Drama
4327,53502,The Dead Undead,Horror,Action|Horror
4328,202604,The Vatican Exorcisms,Horror,Action|Horror
4329,289,Casablanca,Drama,Drama|NULL
4330,27374,Lake Mungo,Horror,Action|Horror
4331,26815,Rocket Singh: Salesman of the Year,Drama,Comedy|Drama
4332,811,Silent Running,Drama,Action|Drama
4333,1366,Rocky,Drama,Drama|NULL
4334,244776,The Sleepwalker,Drama,Drama|NULL
4335,5769,Tom Jones,Drama,Drama|War
4336,277685,Unfriended,Horror,Action|Horror
4337,103,Taxi Driver,Action,Action|Drama
4338,11298,The Howling,Horror,Action|Horror
4339,646,Dr. No,Drama,Action|Drama
4340,93856,Chernobyl Diaries,Horror,Action|Horror
4341,9003,Hellraiser,Horror,Action|Horror
4342,347126,God's Not Dead 2,Drama,Drama|NULL
4343,10092,Cry_Wolf,Horror,Action|Horror
4344,10643,Gojira ni-sen mireniamu,Horror,Action|Horror
4345,46705,Blue Valentine,Drama,Drama|NULL
4346,546,Transamerica,Drama,Drama|NULL
4347,76487,The Devil Inside,Horror,Action|Horror
4348,5722,Beyond the Valley of the Dolls,Drama,Comedy|Drama
4349,39833,Love Me Tender,Action,Action|Drama
4350,1781,An Inconvenient Truth,Action,Animation|NULL
4351,18712,Sands of Iwo Jima,War,Drama|War
4352,7944,Shine a Light,Action,Animation|NULL
4353,171424,The Green Inferno,Horror,Action|Horror
4354,361475,Departure,Drama,Drama|NULL
4355,113947,The Sessions,Drama,Comedy|Drama
4356,18570,"Food, Inc.",Action,Animation|NULL
4357,83860,October Baby,Drama,Drama|NULL
4358,41469,Next Stop Wonderland,Drama,Comedy|Drama
4359,244772,The Skeleton Twins,Drama,Drama|NULL
4360,50837,Martha Marcy May Marlene,Drama,Drama|NULL
4361,248774,Obvious Child,Comedy,Comedy|Drama
4362,10183,Frozen River,Drama,Drama|NULL
4363,159014,20 Feet from Stardom,Action,Animation|NULL
4364,32456,Two Girls and a Guy,Drama,Drama|NULL
4365,49963,Walking and Talking,Drama,Comedy|Drama
4366,13508,Who Killed the Electric Car?,Action,Animation|NULL
4367,22597,The Broken Hearts Club: A Romantic Comedy,Drama,Comedy|Drama
4368,9707,Bubba Ho-tep,Horror,Action|Horror
4369,37532,Slam,Drama,Drama|NULL
4370,26791,Brigham City,Action,Action|Drama
4371,56666,Fiza,Drama,Drama|NULL
4372,8675,Orgazmo,Comedy,Animation|Comedy
4373,13132,All the Real Girls,Drama,Drama|NULL
4374,47686,Dream with the Fishes,Comedy,Animation|Comedy
4375,46989,Blue Car,Drama,Drama|NULL
4376,192132,Palo Alto,Drama,Drama|NULL
4377,24424,Ajami,Action,Action|Drama
4378,13198,Wristcutters: A Love Story,Drama,Comedy|Drama
4379,244267,I Origins,Action,Action|Drama
4380,21413,The Battle of Shaker Heights,Drama,Comedy|Drama
4381,123678,Jagal,Action,Animation|NULL
4382,13362,Taxi to the Dark Side,Action,Animation|NULL
4383,39183,Once in a Lifetime: The Extraordinary Story of the New York Cosmos,Action,Animation|NULL
4384,62402,Guiana 1838,Drama,Drama|NULL
4385,206412,Lisa Picard Is Famous,Action,Animation|NULL
4386,201132,Antarctica: A Year on Ice,Drama,Action|Drama
4387,251471,A LEGO Brickumentary,Action,Animation|NULL
4388,112456,Hardflip,Action,Action|Drama
4389,20296,Chocolate: Deep Dark Secrets,Drama,Drama|NULL
4390,25983,The House of the Devil,Horror,Action|Horror
4391,66195,The Perfect Host,Action,Action|Drama
4392,16155,Safe Men,Action,Action|Drama
4393,46727,Speedway Junky,Action,Action|Drama
4394,55180,The Last Big Thing,Comedy,Comedy|Drama
4395,29015,The Specials,Action,Action|Comedy
4396,91122,16 to Life,Comedy,Comedy|Drama
4397,18206,Alone With Her,Drama,Action|Drama
4398,320146,Creative Control,Action,Action|Drama
4399,13856,Special,Action,Action|Drama
4400,219716,Sparkler,Action,Animation|NULL
4401,43630,The Helix... Loaded,Action,Action|Drama
4402,56491,In Her Line of Fire,Drama,Action|Drama
4403,99826,The Jimmy Show,Comedy,Comedy|Drama
4404,186935,Heli,Action,Action|Drama
4405,357441,Karachi se Lahore,Comedy,Animation|Comedy
4406,19344,Loving Annabelle,Drama,Drama|NULL
4407,242083,Hits,Comedy,Comedy|Drama
4408,18869,Jimmy and Judy,Action,Action|Drama
4409,26673,Frat Party,Comedy,Comedy|Drama
4410,41830,The Party's Over,Drama,Drama|NULL
4411,37694,Proud,Drama,Drama|NULL
4412,63287,The Poker House,Drama,Drama|NULL
4413,335874,Childless,Action,Animation|NULL
4414,34592,ZMD: Zombies of Mass Destruction,Horror,Action|Horror
4415,92635,Snow White: A Deadly Summer,Horror,Action|Horror
4416,258755,A escondidas,Drama,Drama|NULL
4417,96534,My Last Day Without You,Drama,Comedy|Drama
4418,21283,Steppin: The Movie,Comedy,Comedy|Drama
4419,272724,Doc Holliday's Revenge,Action,Action|NULL
4420,84178,Black Rock,Horror,Action|Horror
4421,101179,Truth or Dare,Horror,Action|Horror
4422,52462,The Pet,Drama,Drama|NULL
4423,269057,Bang Bang Baby,Action,Action|Drama
4424,287524,Fear Clinic,Horror,Action|Horror
4425,206213,Zombie Hunter,Action,Action|Drama
4426,248402,A Fine Step,Drama,Drama|NULL
4427,29146,Charly,Drama,Action|Drama
4428,207769,Banshee Chapter,Horror,Action|Horror
4429,271185,Ask Me Anything,Drama,Drama|NULL
4430,29731,And Then Came Love,Comedy,Comedy|Drama
4431,292539,Food Chains,Action,Animation|NULL
4432,654,On the Waterfront,Action,Action|Drama
4433,91070,L!fe Happens,Comedy,Animation|Comedy
4434,2009,"4 luni, 3 săptămîni și 2 zile",Drama,Drama|NULL
4435,323270,The Horror Network Vol. 1,Horror,Action|Horror
4436,2652,Hard Candy,Drama,Drama|NULL
4437,9813,The Quiet,Drama,Drama|NULL
4438,60421,Circumstance,Drama,Drama|NULL
4439,157354,Fruitvale Station,Drama,Drama|NULL
4440,127867,The Brass Teapot,Action,Comedy|Drama
4441,3170,Bambi,Animation,Animation|Drama
4442,14014,The Hammer,Comedy,Animation|Comedy
4443,15708,Latter Days,Drama,Comedy|Drama
4444,146882,Le bonheur d'Elza,Drama,Drama|NULL
4445,215918,1982,Drama,Drama|NULL
4446,84200,"For a Good Time, Call...",Comedy,Animation|Comedy
4447,84184,Celeste & Jesse Forever,Drama,Comedy|Drama
4448,45767,Time Changer,Action,Action|Drama
4449,14823,London to Brighton,Action,Action|Drama
4450,367551,American Hero,Action,Action|Drama
4451,343409,Windsor Drive,Drama,Drama|NULL
4452,60243,جدایی نادر از سیمین,Drama,Drama|NULL
4453,57294,Crying with Laughter,Drama,Comedy|Drama
4454,11446,Welcome to the Dollhouse,Comedy,Comedy|Drama
4455,47889,Ruby in Paradise,Drama,Drama|NULL
4456,25461,Raising Victor Vargas,Drama,Drama|NULL
4457,905,Die Büchse der Pandora,Drama,Drama|NULL
4458,279759,Harrison Montgomery,Action,Animation|NULL
4459,78705,Cama adentro,Drama,Drama|NULL
4460,25212,Deterrence,Drama,Action|Drama
4461,26899,The Mudge Boy,Drama,Drama|NULL
4462,146269,The Young Unknowns,Drama,Drama|NULL
4463,292483,Not Cool,Comedy,Animation|Comedy
4464,14451,Død snø,Horror,Action|Horror
4465,10105,Saints and Soldiers,Drama,Drama|War
4466,211557,Vessel,Horror,Action|Horror
4467,838,American Graffiti,Comedy,Comedy|Drama
4468,40862,Iraq for Sale: The War Profiteers,Action,Animation|NULL
4469,13158,Aqua Teen Hunger Force Colon Movie Film for Theaters,Animation,Animation|Comedy
4470,84332,Safety Not Guaranteed,Drama,Action|Drama
4471,74510,Kevin Hart: Laugh at My Pain,Comedy,Animation|Comedy
4472,74725,Kill List,Horror,Action|Horror
4473,58428,The Innkeepers,Horror,Action|Horror
4474,8416,Il conformista,Drama,Drama|NULL
4475,36584,Interview with the Assassin,Drama,Drama|NULL
4476,13429,Donkey Punch,Horror,Action|Horror
4477,9022,All the Boys Love Mandy Lane,Horror,Action|Horror
4478,22530,Bled,Horror,Action|Horror
4479,288,High Noon,Action,Action|NULL
4480,14275,Hoop Dreams,Action,Animation|NULL
4481,2287,Rize,Action,Animation|NULL
4482,18734,L.I.E. Long Island Expressway,Drama,Drama|NULL
4483,206197,The Sisterhood of Night,Drama,Drama|NULL
4484,26837,B-Girl,Action,Action|Drama
4485,7859,Half Nelson,Drama,Drama|NULL
4486,302579,Naturally Native,Drama,Drama|NULL
4487,51955,Hav Plenty,Action,Action|Drama
4488,376004,Adulterers,Action,Action|Drama
4489,158752,Escape from Tomorrow,Horror,Action|Horror
4490,40658,Starsuckers,Action,Animation|NULL
4491,296943,The Hadza:  Last of the First,Action,Animation|NULL
4492,118612,After,Drama,Drama|NULL
4493,138976,Treachery,Drama,Drama|NULL
4494,323967,Walter,Comedy,Comedy|Drama
4495,3080,Top Hat,Comedy,Comedy|Drama
4496,2667,The Blair Witch Project,Horror,Action|Horror
4497,9459,Woodstock,War,Animation|War
4498,11598,The Kentucky Fried Movie,Comedy,Animation|Comedy
4499,26916,Mercy Streets,Drama,Action|Drama
4500,181940,Arnolds Park,Drama,Drama|NULL
4501,125263,Broken Vessels,Drama,Drama|NULL
4502,263503,Water & Power,Action,Action|Drama
4503,324322,They Will Have to Kill Us First,Action,Animation|NULL
4504,331493,Light from the Darkroom,Action,Animation|NULL
4505,375950,Médecin de campagne,Comedy,Comedy|Drama
4506,278348,The Maid's Room,Drama,Drama|NULL
4507,704,A Hard Day's Night,Comedy,Animation|Comedy
4508,70875,The Harvest (La Cosecha),Action,Animation|NULL
4509,75986,Love Letters,Drama,Drama|NULL
4510,385636,Julija in Alfa Romeo,Comedy,Comedy|Drama
4511,14438,Fireproof,Drama,Drama|NULL
4512,211086,Faith Connections,Drama,Drama|NULL
4513,23069,Benji,Drama,Action|Drama
4514,83,Open Water,Drama,Drama|NULL
4515,89857,High Road,Comedy,Animation|Comedy
4516,30315,Kingdom of the Spiders,Horror,Action|Horror
4517,14358,Mad Hot Ballroom,Action,Animation|NULL
4518,2056,The Station Agent,Comedy,Comedy|Drama
4519,41144,To Save A Life,Drama,Drama|NULL
4520,35199,Wordplay,Action,Animation|NULL
4521,14271,Beyond the Mat,Action,Animation|NULL
4522,16653,The Singles Ward,Drama,Comedy|Drama
4523,14757,Osama,Drama,Drama|NULL
4524,84401,Sholem Aleichem: Laughing In The Darkness,Action,Animation|NULL
4525,23655,Groove,Drama,Drama|NULL
4526,36825,The R.M.,Action,Action|Drama
4527,33430,Twin Falls Idaho,Drama,Drama|NULL
4528,12281,Mean Creek,Action,Action|Drama
4529,125052,Hurricane Streets,Action,Action|Drama
4530,96238,Never Again,Comedy,Comedy|Drama
4531,30246,Civil Brand,Action,Action|Drama
4532,7301,Lonesome Jim,Drama,Comedy|Drama
4533,172533,Drinking Buddies,Drama,Drama|NULL
4534,180383,Deceptive Practice: The Mysteries and Mentors of Ricky Jay,Action,Animation|NULL
4535,346,七人の侍,Action,Action|Drama
4536,84318,Kita svajonių komanda,Action,Animation|NULL
4537,45145,Johnny Suede,Comedy,Comedy|Drama
4538,13983,Finishing The Game,Comedy,Animation|Comedy
4539,45649,Rubber,Horror,Action|Horror
4540,19844,Kiss the Bride,Drama,Comedy|Drama
4541,21801,The Slaughter Rule,Drama,Drama|NULL
4542,43933,Monsters,Drama,Action|Drama
4543,73511,The Californians,Comedy,Comedy|Drama
4544,43653,The Living Wake,Comedy,Animation|Comedy
4545,139715,Detention of the Dead,Horror,Action|Horror
4546,45380,疯狂的石头,Action,Action|Comedy
4547,30867,Scott Walker: 30 Century Man,Action,Animation|NULL
4548,81220,Everything Put Together,Drama,Drama|NULL
4549,253626,Good Kill,Drama,Action|Drama
4550,294550,The Outrageous Sophie Tucker,Action,Animation|NULL
4551,90369,Now Is Good,Drama,Drama|NULL
4552,117942,Girls Gone Dead,Horror,Action|Horror
4553,380097,America Is Still the Place,Action,Animation|NULL
4554,322194,Subconscious,Action,Action|Drama
4555,98568,Enter Nowhere,Action,Action|Drama
4556,119657,El Rey de Najayo,Action,Action|Drama
4557,380733,Fight to the Finish,Action,Action|Drama
4558,285743,Alleluia! The Devil's Carnival,Horror,Action|Horror
4559,362765,The Sound and the Shadow,Comedy,Comedy|Drama
4560,379532,Rodeo Girl,Action,Animation|NULL
4561,253261,Born to Fly: Elizabeth Streb vs. Gravity,Action,Animation|NULL
4562,297100,The Little Ponderosa Zoo,Action,Animation|NULL
4563,15239,The Toxic Avenger,Horror,Action|Horror
4564,94072,Straight Out of Brooklyn,Drama,Drama|NULL
4565,4107,Bloody Sunday,Drama,Action|Drama
4566,325579,Diamond Ruff,Action,Animation|NULL
4567,15624,Conversations with Other Women,Drama,Drama|NULL
4568,17287,Poultrygeist: Night of the Chicken Dead,Horror,Action|Horror
4569,198370,Mutual Friends,Action,Animation|NULL
4570,3062,42nd Street,Comedy,Comedy|Drama
4571,328307,Rise of the Entrepreneur: The Search for a Better Way,Action,Animation|NULL
4572,15389,Metropolitan,Comedy,Comedy|Drama
4573,464,Så som i himmelen,Drama,Comedy|Drama
4574,308467,Roadside,Horror,Action|Horror
4575,8193,Napoleon Dynamite,Comedy,Animation|Comedy
4576,188166,Blue Ruin,Action,Action|Drama
4577,23827,Paranormal Activity,Horror,Action|Horror
4578,1282,Dogtown and Z-Boys,Action,Animation|NULL
4579,762,Monty Python and the Holy Grail,Action,Action|Drama
4580,64499,Quinceañera,Drama,Drama|NULL
4581,281189,Gory Gory Hallelujah,Action,Animation|NULL
4582,1435,Tarnation,Drama,Drama|NULL
4583,47546,I Want Your Money,Action,Animation|NULL
4584,189711,Love in the Time of Monsters,Horror,Action|Horror
4585,19204,...E tu vivrai nel terrore! L'aldilà,Horror,Action|Horror
4586,9029,What Happens in Vegas,Comedy,Comedy|Drama
4587,18045,The Dark Hours,Horror,Action|Horror
4588,11240,My Beautiful Laundrette,Drama,Comedy|Drama
4589,43743,Fabled,Drama,Drama|NULL
4590,157909,Show Me,Drama,Drama|NULL
4591,10238,Viskningar och rop,Drama,Drama|NULL
4592,3059,Intolerance,Drama,Drama|NULL
4593,15800,Trekkies,Action,Animation|NULL
4594,65203,The Broadway Melody,Drama,Drama|NULL
4595,764,The Evil Dead,Horror,Action|Horror
4596,103620,Maniac,Horror,Action|Horror
4597,319069,Censored Voices,War,Animation|War
4598,14278,Murderball,Action,Animation|NULL
4599,25678,American Ninja 2: The Confrontation,Drama,Action|Drama
4600,79161,51 Birch Street,Action,Animation|NULL
4601,371690,Rotor DR1,Action,Action|Drama
4602,389,12 Angry Men,Drama,Drama|NULL
4603,52032,My Dog Tulip,Animation,Animation|Drama
4604,3078,It Happened One Night,Comedy,Comedy|Drama
4605,38810,Κυνόδοντας,Drama,Drama|NULL
4606,21525,Tupac: Resurrection,Action,Animation|NULL
4607,55123,Tumbleweeds,Comedy,Comedy|Drama
4608,11980,The Prophecy,Horror,Action|Horror
4609,11956,Chacun Cherche Son Chat,Comedy,Animation|Comedy
4610,1550,Pieces of April,Comedy,Comedy|Drama
4611,162396,The Big Swap,Action,Animation|NULL
4612,26518,Old Joy,Drama,Drama|NULL
4613,8942,Wendy and Lucy,Drama,Drama|NULL
4614,68412,3 Backyards,Drama,Drama|NULL
4615,2786,Pierrot le fou,Drama,Drama|NULL
4616,87943,Sisters in Law,Action,Animation|NULL
4617,73981,Ayurveda: Art of Being,Action,Animation|NULL
4618,91721,Nothing But a Man,Drama,Drama|NULL
4619,118452,"First Love, Last Rites",Drama,Drama|NULL
4620,47534,Fighting Tommy Riley,Drama,Action|Drama
4621,40914,Royal Kill,Action,Action|Drama
4622,365052,The Looking Glass,Action,Animation|NULL
4623,13282,Death Race 2000,Action,Action|Drama
4624,250184,Locker 13,Horror,Action|Horror
4625,426067,Midnight Cabaret,Horror,Action|Horror
4626,324352,Anderson's Cross,Drama,Comedy|Drama
4627,318040,Bizarre,Drama,Drama|NULL
4628,27420,Graduation Day,Horror,Action|Horror
4629,80468,Some Guy Who Kills People,Horror,Action|Horror
4630,84188,Compliance,Action,Action|Drama
4631,2255,Chasing Amy,Drama,Comedy|Drama
4632,50035,Lovely & Amazing,Drama,Comedy|Drama
4633,300327,Death Calls,Action,Animation|NULL
4634,14290,Better Luck Tomorrow,Action,Action|Drama
4635,29371,The Incredibly True Adventure of Two Girls In Love,Drama,Comedy|Drama
4636,44490,Chuck & Buck,Comedy,Comedy|Drama
4637,32222,American Desi,Drama,Comedy|Drama
4638,378237,Amidst the Devil's Wings,Action,Action|Drama
4639,431,Cube,Action,Action|Drama
4640,76996,Love and Other Catastrophes,Comedy,Comedy|Drama
4641,51942,I Married a Strange Person!,Animation,Animation|Drama
4642,1424,November,Drama,Drama|NULL
4643,60420,Like Crazy,Drama,Drama|NULL
4644,325123,Teeth and Blood,Horror,Action|Horror
4645,142132,Sugar Town,Comedy,Animation|Comedy
4646,20520,The Motel,Comedy,Comedy|Drama
4647,109729,The Canyons,Drama,Drama|NULL
4648,78307,On the Outs,Drama,Drama|NULL
4649,12247,Shotgun Stories,Drama,Drama|NULL
4650,29917,Exam,Drama,Drama|NULL
4651,70687,The Sticky Fingers of Time,Action,Action|Drama
4652,60463,Sunday School Musical,Action,Animation|NULL
4653,46252,Rust,Drama,Drama|NULL
4654,24869,Ink,Action,Action|NULL
4655,77934,The Christmas Bunny,Drama,Drama|NULL
4656,34697,Butterfly,Action,Action|Drama
4657,320435,UnDivided,Action,Animation|NULL
4658,150211,The Frozen,Horror,Action|Horror
4659,306667,Horse Camp,Drama,Drama|NULL
4660,274758,Give Me Shelter,Action,Animation|NULL
4661,3060,The Big Parade,Drama,Drama|War
4662,40963,Little Big Top,Comedy,Animation|Comedy
4663,173224,Along the Roadside,Comedy,Comedy|Drama
4664,18533,Bronson,Action,Action|Drama
4665,376010,Western Religion,Action,Action|NULL
4666,139948,Burn,Action,Animation|NULL
4667,77332,Urbania,Drama,Drama|NULL
4668,70478,The Stewardesses,Comedy,Animation|Comedy
4669,35073,"The Beast from 20,000 Fathoms",Horror,Action|Horror
4670,9659,Mad Max,Action,Action|Drama
4671,10218,Swingers,Comedy,Comedy|Drama
4672,391,Per un pugno di dollari,Action,Action|NULL
4673,43595,She Done Him Wrong,Comedy,Animation|Comedy
4674,194588,Short Cut to Nirvana: Kumbh Mela,Action,Animation|NULL
4675,54897,The Grace Card,Drama,Drama|NULL
4676,83588,Middle of Nowhere,Drama,Drama|NULL
4677,53256,Drei,Drama,Comedy|Drama
4678,40920,The Business of Fancydancing,Drama,Drama|NULL
4679,287815,Call + Response,Action,Animation|NULL
4680,54702,Malevolence,Horror,Action|Horror
4681,176074,Reality Show,Action,Animation|NULL
4682,69270,Super Hybrid,Horror,Action|Horror
4683,5759,Baghead,Horror,Action|Horror
4684,402515,Solitude,Horror,Action|Horror
4685,126141,Chats perchés,Action,Animation|NULL
4686,48035,Ordet,Drama,Drama|NULL
4687,14758,Good Dick,Drama,Comedy|Drama
4688,13363,The Man from Earth,Action,Action|Drama
4689,37985,The Trials Of Darryl Hunt,Action,Animation|NULL
4690,25786,Samantha: An American Girl Holiday,Drama,Drama|NULL
4691,36549,Yesterday Was a Lie,Drama,Action|Drama
4692,361398,Theresa Is a Mother,Comedy,Comedy|Drama
4693,289180,H.,Drama,Action|Drama
4694,288927,Archaeology of a Woman,Drama,Drama|NULL
4695,21334,بچه‌های آسمان,Comedy,Comedy|Drama
4696,79120,Weekend,Drama,Drama|NULL
4697,27995,She's Gotta Have It,Comedy,Comedy|Drama
4698,253290,Butterfly Girl,Action,Animation|NULL
4699,344466,Lumea e a mea,Drama,Drama|NULL
4700,55420,Another Earth,Action,Action|Drama
4701,5822,Sweet Sweetback's Baadasssss Song,Drama,Action|Drama
4702,408429,Perfect Cowboy,Drama,Drama|NULL
4703,39141,Tadpole,Drama,Comedy|Drama
4704,5723,Once,Drama,Drama|NULL
4705,28666,The Woman Chaser,Drama,Drama|NULL
4706,30979,The Horse Boy,Action,Animation|NULL
4707,50497,When the Lights Went Out,Horror,Action|Horror
4708,354624,Heroes of Dirt,Action,Action|Drama
4709,13187,A Charlie Brown Christmas,Animation,Animation|Comedy
4710,335244,Antarctic Edge: 70° South,Action,Animation|NULL
4711,178862,Aroused,Action,Animation|NULL
4712,331745,Top Spin,Action,Animation|NULL
4713,1779,Roger & Me,War,Animation|War
4714,282128,An American in Hollywood,Action,Animation|NULL
4715,86812,Sound of My Voice,Action,Action|Drama
4716,38786,The Blood of My Brother: A Story of Death in Iraq,Action,Animation|NULL
4717,84355,Your Sister's Sister,Comedy,Comedy|Drama
4718,18632,A Dog's Breakfast,Comedy,Animation|Comedy
4719,40652,Une femme mariée: Suite de fragments d'un film tourné en 1964,Drama,Drama|NULL
4720,339408,The Birth of a Nation,Drama,Drama|NULL
4721,266857,The Work and The Story,Comedy,Animation|Comedy
4722,18925,Facing the Giants,Drama,Drama|NULL
4723,299245,The Gallows,Horror,Action|Horror
4724,985,Eraserhead,Horror,Action|Horror
4725,34101,Hollywood Shuffle,Comedy,Animation|Comedy
4726,9821,The Mighty,Comedy,Comedy|Drama
4727,65448,Penitentiary,Action,Action|Drama
4728,18841,The Lost Skeleton of Cadavra,Horror,Action|Horror
4729,272726,Dude Where's My Dog?,Action,Animation|NULL
4730,175291,Cheap Thrills,Action,Action|Drama
4731,80215,Indie Game: The Movie,Action,Animation|NULL
4732,13538,Straightheads,Drama,Drama|NULL
4733,51130,Open Secret,Action,Action|Drama
4734,270554,Echo Dr.,Action,Action|Drama
4735,72086,The Night Visitor,Horror,Action|Horror
4736,268917,The Past Is a Grotesque Animal,Action,Animation|NULL
4737,64973,"Peace, Propaganda & the Promised Land",Action,Animation|NULL
4738,473,Pi,Drama,Drama|NULL
4739,90414,"I Love You, Don't Touch Me!",Comedy,Comedy|Drama
4740,111794,20 Dates,Comedy,Comedy|Drama
4741,360188,Queen Crab,Action,Action|Drama
4742,9372,Super Size Me,Comedy,Comedy|Drama
4743,85860,The FP,Comedy,Animation|Comedy
4744,244534,Happy Christmas,Comedy,Comedy|Drama
4745,33468,The Brain That Wouldn't Die,Horror,Action|Horror
4746,294086,Tiger Orange,Drama,Drama|NULL
4747,139998,Supporting Characters,Comedy,Comedy|Drama
4748,74777,Absentia,Horror,Action|Horror
4749,16388,The Brothers McMullen,Drama,Comedy|Drama
4750,159770,The Dirties,Drama,Drama|NULL
4751,42109,"Gabriela, Cravo e Canela",Drama,Drama|NULL
4752,47607,Tiny Furniture,Drama,Comedy|Drama
4753,193603,Hayride,Horror,Action|Horror
4754,84659,The Naked Ape,Comedy,Comedy|Drama
4755,322745,Counting,Action,Animation|NULL
4756,20981,The Call of Cthulhu,Horror,Action|Horror
4757,174362,Bending Steel,Action,Animation|NULL
4758,242095,The Signal,Action,Action|Drama
4759,250902,The Image Revolution,Action,Animation|NULL
4760,158895,This Is Martin Bonner,Drama,Drama|NULL
4761,222250,A True Story,Comedy,Animation|Comedy
4762,18292,George Washington,Drama,Drama|NULL
4763,125537,Smiling Fish & Goat On Fire,Comedy,Comedy|Drama
4764,326576,Dawn of the Crescent Moon,Drama,Action|Drama
4765,228550,Raymond Did It,Horror,Action|Horror
4766,13963,The Last Waltz,Action,Animation|NULL
4767,290391,"Run, Hide, Die",Horror,Action|Horror
4768,44770,The Exploding Girl,Drama,Drama|NULL
4769,69382,The Legend of God's Gun,Action,Action|NULL
4770,40769,Mutual Appreciation,Comedy,Comedy|Drama
4771,220490,Her Cry: La Llorona Investigation,Horror,Action|Horror
4772,42151,Down Terrace,Action,Comedy|Drama
4773,2292,Clerks,Comedy,Animation|Comedy
4774,42497,Pink Narcissus,Drama,Drama|NULL
4775,33693,Funny Ha Ha,Comedy,Comedy|Drama
4776,14585,In the Company of Men,Comedy,Comedy|Drama
4777,185465,Manito,Drama,Drama|NULL
4778,38780,Rampage,Action,Action|Drama
4779,14022,Slacker,Comedy,Animation|Comedy
4780,366967,Dutch Kills,Action,Action|Drama
4781,255266,Dry Spell,Comedy,Comedy|Drama
4782,17345,Flywheel,Drama,Drama|NULL
4783,226458,Backmask,Horror,Action|Horror
4784,24055,The Puffy Chair,Drama,Comedy|Drama
4785,287625,Stories of Our Lives,Drama,Drama|NULL
4786,44990,Breaking Upwards,Comedy,Comedy|Drama
4787,86304,All Superheroes Must Die,Action,Action|Drama
4788,692,Pink Flamingos,Horror,Action|Horror
4789,39851,Clean,Drama,Drama|NULL
4790,13898,دایره,Drama,Drama|NULL
4791,157185,Tin Can Man,Horror,Action|Horror
4792,36095,キュア,Horror,Action|Horror
4793,182291,On The Downlow,Drama,Drama|NULL
4794,286939,Sanctuary: Quite a Conundrum,Horror,Action|Horror
4795,124606,Bang,Drama,Drama|NULL
4796,14337,Primer,Drama,Action|Drama
4797,67238,Cavite,Drama,Drama|NULL
4798,9367,El Mariachi,Action,Action|Drama
4799,72766,Newlyweds,Comedy,Comedy|Drama